Profile Name,Title Name,Country,Utc Title Add Date
Big Mummy,The Innocent,India,2021-12-21
Big Mummy,MINDHUNTER,India,2021-12-21
Big Mummy,Collateral,India,2021-12-21
Big Mummy,The Unlikely Murderer,India,2021-12-21
Big Mummy,The Twelve,India,2021-12-21
Big Mummy,The Chestnut Man,India,2021-12-21
Big Mummy,Bordertown,India,2021-12-21
Big Mummy,When They See Us,India,2021-12-21
Big Mummy,Wonder,India,2021-12-10
Big Mummy,Just Mercy,India,2021-07-15
Big Mummy,"Paul, Apostle of Christ",India,2021-07-15
Big Mummy,Resort to Love,India,2021-07-15
Big Mummy,Chocolat,India,2021-07-15
Big Mummy,Perfect Stranger,India,2021-07-15
Big Mummy,The Queen and the Conqueror,India,2021-02-03
Big Mummy,Innocent,India,2021-02-03
Big Mummy,Bloodline,India,2021-01-20
Big Mummy,When Calls the Heart,India,2020-12-27
Big Mummy,Virgin River,India,2020-12-12
Big Mummy,Love Is in the Air,India,2020-11-30
Big Mummy,My Sister's Keeper,India,2020-11-14
Big Mummy,The General's Daughter,India,2020-11-14
Big Mummy,Hera Pheri,India,2020-08-11
Big Mummy,The People vs. O.J. Simpson,India,2020-08-11
Big Mummy,Encounter: The Killing,India,2020-08-11
Big Mummy,Project Marathwada,India,2020-08-11
Big Mummy,When Calls the Heart,India,2020-03-30
Big Mummy,Bypass Road,India,2020-03-29
Big Mummy,Sadece Sen,India,2020-03-27
Big Mummy,Intersection,India,2020-03-04
Big Mummy,Operation Finale,India,2018-10-30
Big Mummy,Wild Wild Country,India,2018-10-30
Big Mummy,Designated Survivor,India,2018-10-30
Big Mummy,Cathedral of the Sea,India,2018-10-30
Big Mummy,What Will People Say,India,2018-10-30
Big Mummy,Alias Grace,India,2018-10-30
Big Mummy,Countdown to Death: Pablo Escobar,India,2018-10-30
Big Mummy,Snowden,India,2018-10-30
Big Mummy,Fauda,India,2018-10-30
Big Mummy,House of Cards,India,2018-10-30
Big Mummy,Bodyguard,India,2018-10-30
Big Mummy,22 July,India,2018-10-30
Big Mummy,The Alienist,India,2018-10-30
Big Mummy,The Siege of Jadotville,India,2018-10-30
Big Mummy,Money Heist,India,2018-10-30
Big Mummy,Madam Secretary,India,2018-10-30
Big Mummy,Bareilly Ki Barfi,India,2018-10-30
Big Mummy,The Resistance Banker,India,2018-10-30
Big Mummy,Secret City,India,2018-10-30
Big Mummy,Act of Vengeance,India,2018-10-30
Big Mummy,Gurgaon,India,2018-10-30
Big Mummy,Saudi Arabia Uncovered,India,2018-10-30
Big Mummy,Orphan Black,India,2018-06-02
Big Mummy,Marseille,India,2018-03-14
Big Mummy,Seven Seconds,India,2018-02-23
Big Mummy,The Day Will Come,India,2018-01-22
Big Mummy,Scent of a Woman,India,2017-12-26
Big Mummy,Unforgiven,India,2017-12-26
Big Mummy,Sommersby,India,2017-12-26
Big Mummy,Good Will Hunting,India,2017-12-26
Big Mummy,A Time to Kill,India,2017-12-26
Big Mummy,Saving Private Ryan,India,2017-12-26
Big Mummy,Forrest Gump,India,2017-12-26
Big Mummy,The Talented Mr. Ripley,India,2017-12-26
Big Mummy,Life Is Beautiful,India,2017-12-26
Big Mummy,Stories by Rabindranath Tagore,India,2017-12-12
Big Mummy,Bhouri,India,2017-12-12
Big Mummy,Dukhtar,India,2017-12-02
Big Mummy,Wrong No.,India,2017-12-02
Big Mummy,Sadqay Tumhare,India,2017-12-02
Big Mummy,Schindler's List,India,2017-12-02
Big Mummy,The Great Gatsby,India,2017-12-02
Big Mummy,It's a Wonderful Life,India,2017-12-02
Big Mummy,Gone with the Wind,India,2017-12-02
Big Mummy,Manjhi: The Mountain Man,India,2017-12-02
Big Mummy,The Reluctant Fundamentalist,India,2017-12-02
Big Mummy,The Last of the Mohicans,India,2017-12-02
Big Mummy,Janaan,India,2017-12-02
Big Mummy,The Reader,India,2017-12-02
Big Mummy,Moor,India,2017-12-02
Big Mummy,Zindagi Gulzar Hai,India,2017-12-02
Big Mummy,12 Years a Slave,India,2017-12-02
Big Mummy,Stealing History,India,2017-12-02
Big Mummy,Harud,India,2017-12-02
Big Mummy,The Godfather,India,2017-12-02
Big Mummy,The Kite Runner,India,2017-11-16
Big Mummy,Jal,India,2017-11-08
Big Mummy,Sameer,India,2017-11-08
Big Mummy,Mirror Game: Ab Khel Shuru,India,2017-11-08
Big Mummy,TE3N,India,2017-11-08
Big Mummy,Dhanak,India,2017-11-08
Big Mummy,Saints & Strangers,India,2017-11-08
Big Mummy,The Great Escape,India,2017-11-08
Big Mummy,Umrika,India,2017-11-08
Big Mummy,Hemlock Grove,India,2017-11-08
Big Mummy,Punjab 1984,India,2017-11-08
Big Mummy,The Story of Diana,India,2017-11-08
Big Mummy,Rosemary's Baby,India,2017-11-08
Big Mummy,The Blacklist,India,2017-11-08
Big Mummy,Stephen King's Bag of Bones,India,2017-11-08
Big Mummy,To Kill a Mockingbird,India,2017-11-08
Jania,The Witcher,India,2021-12-13
Jania,The Punisher,India,2021-12-04
Jania,Central Intelligence,India,2021-11-19
Jania,The Princess Switch 3: Romancing the Star,India,2021-11-18
Jania,You,India,2021-11-15
Jania,Squid Game,India,2021-11-14
Jania,Red Notice,India,2021-11-14
Jania,Marvel's Jessica Jones,India,2021-11-14
Jania,S.W.A.T.,India,2021-11-13
Jania,Happiness Ever After,India,2021-11-12
Jania,Extraction,India,2021-11-05
Jania,A Simple Favor,India,2021-11-05
Jania,Pretty Smart,India,2021-10-09
Jania,Barbie Big City Big Dreams,India,2021-09-05
Jania,Dynasty,India,2021-09-02
Jania,MILF,India,2021-08-22
Jania,He's All That,India,2021-08-12
Jania,The Vampire Diaries,India,2021-07-29
Jania,Haseen Dillruba,India,2021-07-29
Jania,Ray,India,2021-07-28
Amy,Cellular,India,2022-01-03
Amy,Stay Close,India,2021-12-31
Amy,Vikings: Valhalla,India,2021-12-27
Amy,Don't Look Up,India,2021-12-26
Amy,The Girl from Oslo,India,2021-12-21
Amy,The Hand of God,India,2021-12-16
Amy,Seberg,India,2021-12-16
Amy,Arisaka,India,2021-12-16
Amy,Amsterdam to Anatolia,India,2021-12-16
Amy,Last Men in Aleppo,India,2021-12-16
Amy,Two,India,2021-12-11
Amy,Bordertown: Mural Murders,India,2021-12-09
Amy,Gone for Good,India,2021-12-08
Amy,The Whole Truth,India,2021-12-04
Amy,The Power of the Dog,India,2021-12-04
Amy,The Punisher,India,2021-12-04
Amy,Meeting Point,India,2021-12-01
Amy,Mirage,India,2021-12-01
Amy,My Travel Buddy,India,2021-12-01
Amy,Clair Obscur,India,2021-11-27
Amy,True Story,India,2021-11-24
Amy,Katla,India,2021-11-20
Amy,Love & Anarchy,India,2021-11-20
Amy,Snabba Cash,India,2021-11-20
Amy,Clickbait,India,2021-11-18
Amy,High Seas,India,2021-11-18
Amy,Dark Desire,India,2021-11-18
Amy,The Club,India,2021-11-09
Amy,Yara,India,2021-11-06
Amy,House of Secrets: The Burari Deaths,India,2021-10-12
Amy,The Five Juanas,India,2021-10-12
Amy,Maid,India,2021-10-12
Amy,The Chestnut Man,India,2021-10-06
Amy,Hit & Run,India,2021-08-13
Amy,The Last Letter From Your Lover,India,2021-08-13
Amy,Now You See Me 2,India,2021-07-23
Amy,The Cook of Castamar,India,2021-07-23
Amy,Rust Creek,India,2021-07-23
Amy,A Perfect Murder,India,2021-07-23
Amy,Just Mercy,India,2021-07-23
Amy,Bird Box,India,2021-07-02
Amy,Delhi Crime,India,2021-06-30
Amy,The Pursuit of Happyness,India,2021-06-28
Amy,Elite,India,2021-06-21
Amy,Call Me by Your Name,India,2021-06-12
Amy,Fatherhood,India,2021-06-10
Amy,Stranger Things,India,2021-06-10
Amy,Immortals,India,2021-06-05
Amy,Squared Love,India,2021-06-05
Amy,The Originals,India,2021-06-03
Amy,Anna,India,2021-06-01
Amy,Fatma,India,2021-05-05
Amy,The Innocent,India,2021-05-05
Amy,Black Money Love,India,2021-05-05
Amy,Fifty Shades of Grey,India,2021-04-25
Amy,Army of the Dead,India,2021-04-25
Amy,Time to Dance,India,2021-04-25
Amy,Homemade,India,2021-04-24
Amy,Ajeeb Daastaans,India,2021-04-16
Amy,Bitter Daisies,India,2021-04-08
Amy,American Sniper,India,2021-04-05
Amy,Run,India,2021-04-04
Amy,The Curious Case of Benjamin Button,India,2021-04-04
Amy,47 Ronin,India,2021-04-04
Amy,Sleepers,India,2021-04-04
Amy,Greta,India,2021-04-01
Amy,Focus,India,2021-04-01
Amy,The Devil All The Time,India,2021-03-29
Amy,Hillbilly Elegy,India,2021-03-28
Amy,Leap Year,India,2021-03-28
Amy,Who Killed Sara?,India,2021-03-25
Amy,The Lost Pirate Kingdom,India,2021-03-16
Amy,Marshall,India,2021-03-14
Amy,Nevenka: Breaking the Silence,India,2021-03-10
Amy,Operation Buffalo,India,2021-03-03
Amy,Seventh Son,India,2021-02-16
Amy,Brooklyn Nine-Nine,India,2021-02-13
Amy,College Romance,India,2021-02-13
Amy,1983,India,2021-02-04
Amy,Rebecca,India,2021-02-02
Amy,Below Zero,India,2021-02-02
Amy,Penguin Bloom,India,2021-02-02
Amy,The Dig,India,2021-02-02
Amy,50M2,India,2021-02-02
Amy,Tabula Rasa,India,2021-01-24
Amy,Mortdecai,India,2021-01-20
Amy,Fantastic Beasts: The Crimes of Grindelwald,India,2021-01-18
Amy,Night Stalker: The Hunt for a Serial Killer,India,2021-01-14
Amy,Harud,India,2021-01-11
Amy,Saawan,India,2021-01-11
Amy,Pieces of a Woman,India,2021-01-11
Amy,The Holiday,India,2021-01-11
Amy,Gilmore Girls: A Year in the Life,India,2021-01-08
Amy,Juman,India,2020-12-10
Amy,The Queen's Gambit,India,2020-12-08
Amy,The Judge,India,2020-12-07
Amy,Shawn Mendes: In Wonder,India,2020-12-03
Amy,Notes for My Son,India,2020-12-02
Amy,World War II in Colour,India,2020-11-23
Amy,Killer Instinct,India,2020-11-23
Amy,Murder to Mercy: The Cyntoia Brown Story,India,2020-11-23
Amy,Abducted in Plain Sight,India,2020-11-23
Amy,Silence,India,2020-11-23
Amy,Carmel: Who Killed Maria Marta?,India,2020-11-23
Amy,The Confession Killer,India,2020-11-23
Amy,The Innocence Files,India,2020-11-23
Amy,The Minions of Midas,India,2020-11-23
Amy,The Perks of Being a Wallflower,India,2020-11-11
Amy,All The Bright Places,India,2020-11-11
Amy,The Edge of Seventeen,India,2020-11-11
Amy,Christmas Wonderland,India,2020-11-02
Amy,Instant Family,India,2020-11-01
Amy,Stolen Away,India,2020-10-28
Amy,The Alienist,India,2020-10-23
Amy,Someone Has to Die,India,2020-10-23
Amy,The Trial of the Chicago 7,India,2020-10-23
Amy,Alex Strangelove,India,2020-10-17
Amy,The Last Witch Hunter,India,2020-10-17
Amy,"Good Morning, Verônica",India,2020-10-15
Amy,Dil,India,2020-10-15
Amy,The O.C.,India,2020-10-14
Amy,The Haunting of Bly Manor,India,2020-10-12
Amy,To the Lake,India,2020-10-12
Amy,Kabhi Alvida Naa Kehna,India,2020-10-08
Amy,Enough,India,2020-10-07
Amy,Emily in Paris,India,2020-10-03
Amy,Welcome to the Family,India,2020-10-01
Amy,1922,India,2020-09-27
Amy,1898: Our Last Men in the Philippines,India,2020-09-27
Amy,Beasts of No Nation,India,2020-09-27
Amy,Women at War 1914-1918,India,2020-09-27
Amy,Marriage Story,India,2020-09-27
Amy,Spenser Confidential,India,2020-09-27
Amy,The Highwaymen,India,2020-09-27
Amy,Greatest Events of WWII in Colour,India,2020-09-27
Amy,The Paramedic,India,2020-09-20
Amy,Atonement,India,2020-09-18
Amy,Lost Girls,India,2020-09-16
Amy,State of Play,India,2020-09-16
Amy,Borgen,India,2020-09-11
Amy,The Barrier,India,2020-09-11
Amy,Changeling,India,2020-09-08
Amy,Teenage Bounty Hunters,India,2020-09-01
Amy,Class of '83,India,2020-08-29
Amy,The Crimes That Bind,India,2020-08-28
Amy,Welcome to Marwen,India,2020-08-28
Amy,Crazy Awesome Teachers,India,2020-08-25
Amy,The Great Heist,India,2020-08-22
Amy,Gunjan Saxena: The Kargil Girl,India,2020-08-20
Amy,How to Get Away With Murder,India,2020-08-19
Amy,Welcome to Marwen,India,2020-08-17
Amy,The Crimes That Bind,India,2020-08-17
Amy,World's Most Wanted,India,2020-08-13
Amy,Immigration Nation,India,2020-08-11
Amy,Locked Up,India,2020-08-08
Amy,The Learning Tree,India,2020-08-08
Amy,The Great Heist,India,2020-08-08
Amy,Blow,India,2020-08-08
Amy,Gunjan Saxena: The Kargil Girl,India,2020-08-08
Amy,Class of '83,India,2020-08-08
Amy,Crocodile Dundee II,India,2020-08-08
Amy,Crazy Awesome Teachers,India,2020-08-08
Amy,Redemption,India,2020-08-05
Amy,Three Identical Strangers,India,2020-08-05
Amy,Who Killed Little Gregory?,India,2020-07-30
Amy,Fatal Affair,India,2020-07-27
Amy,The Rain,India,2020-07-27
Amy,Locked Up,India,2020-07-27
Amy,Signs,India,2020-07-27
Amy,Crocodile Dundee II,India,2020-07-27
Amy,Three Identical Strangers,India,2020-07-27
Amy,World's Most Wanted,India,2020-07-27
Amy,Immigration Nation,India,2020-07-27
Amy,Offering to the Storm,India,2020-07-27
Amy,The Luminaries,India,2020-07-27
Amy,Redemption,India,2020-07-27
Amy,Adú,India,2020-07-27
Amy,Fear City: New York vs The Mafia,India,2020-07-27
Amy,Blow,India,2020-07-27
Amy,The Learning Tree,India,2020-07-27
Amy,The Letter Reader,India,2020-07-27
Amy,Green Zone,India,2020-07-18
Amy,Cursed,India,2020-07-18
Amy,Isn't It Romantic,India,2020-07-15
Amy,DJ Cinderella,India,2020-07-15
Amy,We're the Millers,India,2020-07-15
Amy,Chennai Express,India,2020-07-05
Amy,Yeh Ballet,India,2020-07-03
Amy,Feel the Beat,India,2020-06-28
Amy,The Salisbury Poisonings,India,2020-06-27
Amy,Ultraviolet,India,2020-06-23
Amy,The Double,India,2020-06-21
Amy,The Principal,India,2020-06-21
Amy,Rise of Empires: Ottoman,India,2020-06-21
Amy,The Vatican Tapes,India,2020-06-21
Amy,The Mitfords: A Tale of Two Sisters,India,2020-06-21
Amy,The Sinner,India,2020-06-20
Amy,The Woods,India,2020-06-12
Amy,Friends,India,2020-06-12
Amy,The Last Days of American Crime,India,2020-06-09
Amy,Team Kaylie,India,2020-06-03
Amy,The Imitation Game,India,2020-05-28
Amy,Blumhouse's Truth or Dare: Extended Director's Cut,India,2020-05-24
Amy,Fuller House,India,2020-05-20
Amy,Castle Rock,India,2020-05-17
Amy,Dangerous Lies,India,2020-05-17
Amy,Brooklyn Nine-Nine,India,2020-05-07
Amy,Life in a ... Metro,India,2020-05-01
Amy,Pranaam,India,2020-05-01
Amy,John Day,India,2020-05-01
Amy,Prague,India,2020-05-01
Amy,Phullu,India,2020-05-01
Amy,Barah Aana,India,2020-05-01
Amy,X: Past Is Present,India,2020-05-01
Amy,Billu,India,2020-05-01
Amy,Phamous,India,2020-05-01
Amy,Mumbai Meri Jaan,India,2020-05-01
Amy,Lootera,India,2020-05-01
Amy,Life of An Outcast,India,2020-05-01
Amy,Mantostaan,India,2020-05-01
Amy,Bhasmasur,India,2020-05-01
Amy,Tahaan,India,2020-05-01
Amy,Jalpari: The Desert Mermaid,India,2020-05-01
Amy,The Lunchbox,India,2020-05-01
Amy,The Violin Player,India,2020-05-01
Amy,Gour Hari Dastaan: The Freedom File,India,2020-05-01
Amy,Encounter: The Killing,India,2020-05-01
Amy,Summertime,India,2020-04-29
Amy,Paan Singh Tomar,India,2020-04-29
Amy,The Silence of the Marsh,India,2020-04-22
Amy,The Vampire Diaries,India,2020-04-21
Amy,The Bounty Hunter,India,2020-04-15
Amy,Fuller House,India,2020-04-14
Amy,Girlboss,India,2020-04-14
Amy,After the Ball,India,2020-04-14
Amy,Barely Lethal,India,2020-04-11
Amy,Paharganj,India,2020-04-02
Amy,The Mire,India,2020-03-31
Amy,Riverdale,India,2020-03-22
Amy,The English Game,India,2020-03-21
Amy,The Platform,India,2020-03-21
Amy,The Letter for the King,India,2020-03-21
Amy,Side Effects,India,2020-03-20
Amy,The Call,India,2020-03-20
Amy,Assassin's Creed,India,2020-03-20
Amy,Dil Chahta Hai,India,2020-03-12
Amy,Twin Murders: the Silence of the White City,India,2020-03-10
Amy,The Day Will Come,India,2020-03-04
Amy,The Last Paradiso,India,2020-03-04
Amy,The Ruthless,India,2020-03-04
Amy,The Witcher,India,2020-03-04
Amy,The Endless Trench,India,2020-03-01
Amy,The Last Thing He Wanted,India,2020-02-21
Amy,The Vessel,India,2020-02-20
Amy,Secrets of Scotland Yard,India,2020-02-20
Amy,The Secret,India,2020-02-20
Amy,The Innocent Man,India,2020-02-20
Amy,The Trials of Gabriel Fernandez,India,2020-02-20
Amy,Outlander,India,2020-02-16
Amy,Ragnarok,India,2020-02-14
Amy,Horse Girl,India,2020-02-08
Amy,Gone Girl,India,2020-01-23
Amy,We Are the Wave,India,2020-01-22
Amy,Gonul,India,2020-01-22
Amy,Holiday Secrets,India,2020-01-22
Amy,Red Joan,India,2020-01-16
Amy,Killer Inside: The Mind of Aaron Hernandez,India,2020-01-16
Amy,Spinning Out,India,2020-01-07
Amy,The Neighbor,India,2020-01-05
Amy,Thieves of the Wood,India,2020-01-04
Amy,The Two Popes,India,2019-12-27
Amy,Three Days of Christmas,India,2019-12-12
Amy,Enemigo íntimo,India,2019-12-02
Amy,GoodFellas,India,2019-12-02
Amy,The Irishman,India,2019-11-27
Amy,The Snowman,India,2019-11-20
Amy,The Devil Next Door,India,2019-11-05
Amy,The King,India,2019-11-02
Amy,Hache,India,2019-11-02
Amy,Seventeen,India,2019-10-21
Amy,Gotham,India,2019-10-18
Amy,The Laundromat,India,2019-10-18
Amy,Wounds,India,2019-10-18
Amy,The Inmate,India,2019-10-18
Amy,The Good Place,India,2019-10-05
Amy,The Rite,India,2019-10-05
Amy,Woman in Charge,India,2019-10-05
Amy,Courageous,India,2019-10-05
Amy,Capernaum,India,2019-09-30
Amy,October 1,India,2019-09-27
Amy,In the Shadow of the Moon,India,2019-09-27
Amy,Do Paise Ki Dhoop Chaar Aane Ki Baarish,India,2019-09-27
Amy,To All the Boys: P.S. I Still Love You,India,2019-09-24
Amy,Criminal: UK,India,2019-09-21
Amy,No One Will Ever Know,India,2019-09-18
Amy,Crime Diaries: The Candidate,India,2019-09-18
Amy,The Chosen One,India,2019-09-18
Amy,"Pablo Escobar, el patrón del mal",India,2019-09-18
Amy,Estocolmo,India,2019-09-18
Amy,Narcos: Mexico,India,2019-09-18
Amy,El Chapo,India,2019-09-18
Amy,Sin senos sí hay paraíso,India,2019-09-18
Amy,Juana Inés,India,2019-09-18
Amy,Marianne,India,2019-09-16
Amy,Unbelievable,India,2019-09-14
Amy,Easy A,India,2019-09-13
Amy,13 Going on 30,India,2019-09-13
Amy,Sydney White,India,2019-09-13
Amy,Battle,India,2019-09-11
Amy,To All the Boys I’ve Loved Before,India,2019-09-11
Amy,#realityhigh,India,2019-09-11
Amy,Clueless,India,2019-09-11
Amy,Baywatch,India,2019-09-11
Amy,Confessions of a Shopaholic,India,2019-09-11
Amy,17 Again,India,2019-09-11
Amy,Bring it On: All or Nothing,India,2019-09-09
Amy,Rumor Has It...,India,2019-09-09
Amy,The House Bunny,India,2019-09-08
Amy,The Spy,India,2019-09-07
Amy,13 Commandments,India,2019-08-29
Amy,La Reina del Sur,India,2019-08-22
Amy,Victim Number 8,India,2019-08-16
Amy,The Family,India,2019-08-13
Amy,Ingobernable,India,2019-08-07
Amy,Boi,India,2019-08-05
Amy,The Little Hours,India,2019-08-03
Amy,The Red Sea Diving Resort,India,2019-08-01
Amy,Luis Miguel - The Series,India,2019-07-21
Amy,"Good Night, and Good Luck",India,2019-07-15
Amy,The West,India,2019-07-13
Amy,Peppermint,India,2019-07-13
Amy,John Wick,India,2019-07-13
Amy,Roman Empire,India,2019-07-13
Amy,Under the Dome,India,2019-07-13
Amy,Ken Burns: The West,India,2019-07-13
Amy,Baby,India,2019-07-13
Amy,The Unborn,India,2019-07-13
Amy,Yankee,India,2019-07-13
Amy,Kidnapping Stella,India,2019-07-12
Amy,Further Tales of the City (2001),India,2019-07-11
Amy,WHAT / IF,India,2019-07-11
Amy,The Revenant,India,2019-07-05
Amy,Bolívar,India,2019-06-30
Amy,Murder Maps,India,2019-06-22
Amy,The Alcàsser Murders,India,2019-06-20
Amy,Freedomland,India,2019-06-15
Amy,Leila,India,2019-06-15
Amy,Locked Up,India,2019-06-12
Amy,Black Spot,India,2019-06-07
Amy,Luna Nera,India,2019-06-03
Amy,When They See Us,India,2019-05-31
Amy,The Fall,India,2019-05-26
Amy,Friends,India,2019-05-26
Amy,The Age of Innocence,India,2019-05-25
Amy,The Sixth Sense,India,2019-05-25
Amy,Despite Everything,India,2019-05-03
Amy,Outlander,India,2019-04-30
Amy,The Protector,India,2019-04-27
Amy,Catch and Release,India,2019-04-25
Amy,Remember Sunday,India,2019-04-25
Amy,Woman in Gold,India,2019-04-20
Amy,Unicorn Store,India,2019-04-19
Amy,Traitors,India,2019-04-19
Amy,Peasants Rebellion,India,2019-04-18
Amy,Tijuana,India,2019-04-18
Amy,Quicksand,India,2019-04-09
Amy,"Girl, Interrupted",India,2019-03-24
Amy,The Remains of the Day,India,2019-03-24
Amy,Manhunt,India,2019-03-23
Amy,The Disappearance of Madeleine McCann,India,2019-03-16
Amy,Triple Frontier,India,2019-03-14
Amy,Obsession: Dark Desires,India,2019-03-06
Amy,FBI: Criminal Pursuit,India,2019-03-06
Amy,Nurses Who Kill,India,2019-03-06
Amy,Partners in Crime,India,2019-03-06
Amy,Your Son,India,2019-03-02
Amy,The Break,India,2019-02-22
Amy,The November Man,India,2019-02-22
Amy,Yucatán,India,2019-02-20
Amy,Always a Witch,India,2019-02-04
Amy,Animas,India,2019-01-29
Amy,Conversations with a Killer: The Ted Bundy Tapes,India,2019-01-29
Amy,Up Among The Stars,India,2019-01-29
Amy,Medici,India,2019-01-29
Amy,Polar,India,2019-01-29
Amy,Close,India,2019-01-29
Amy,Innocent,India,2019-01-29
Amy,Black Earth Rising,India,2019-01-29
Amy,"Abdullah, The Final Witness",India,2019-01-29
Amy,The Drowning,India,2019-01-08
Amy,The Interview,India,2019-01-08
Amy,Mercy,India,2019-01-08
Amy,When Angels Sleep,India,2019-01-01
Amy,A Twelve Year Night,India,2018-12-30
Amy,Flowers,India,2018-12-22
Amy,Bird Box,India,2018-12-22
Amy,ROMA,India,2018-12-16
Amy,Tidelands,India,2018-12-14
Amy,Dogs of Berlin,India,2018-12-08
Amy,The Good Shepherd,India,2018-12-02
Amy,The Score,India,2018-12-02
Amy,The Firm,India,2018-12-02
Amy,The Confession,India,2018-12-02
Amy,The Missing,India,2018-11-29
Amy,O Silêncio do Céu,India,2018-11-29
Amy,The Invisible Guardian,India,2018-11-29
Amy,Holy Goalie,India,2018-11-28
Amy,Flowers,India,2018-11-28
Amy,The Fury of a Patient Man,India,2018-11-28
Amy,Sunday's Illness,India,2018-11-28
Amy,Fugitiva,India,2018-11-23
Amy,10 Cloverfield Lane,India,2018-11-22
Amy,Before I Wake,India,2018-11-22
Amy,Seven,India,2018-11-22
Amy,The Watcher,India,2018-11-22
Amy,The Impossible,India,2018-11-22
Amy,Lavender,India,2018-11-22
Amy,The Ballad of Buster Scruggs,India,2018-11-17
Amy,Chef's Table,India,2018-11-17
Amy,The Chosen,India,2018-11-10
Amy,On My Skin,India,2018-11-10
Amy,Sarajevo,India,2018-11-10
Amy,Outlaw King,India,2018-11-09
Amy,Winter Sun,India,2018-11-07
Amy,Ezel,India,2018-11-07
Amy,The Walking Dead,India,2018-11-07
Amy,Gun City,India,2018-10-31
Amy,Jefe,India,2018-10-30
Amy,W/O Ram,India,2018-10-28
Amy,Bodyguard,India,2018-10-24
Amy,What Will People Say,India,2018-10-22
Amy,The Great Gatsby,India,2018-10-19
Amy,Black Mass,India,2018-10-19
Amy,Errementari: The Blacksmith and the Devil,India,2018-10-14
Amy,Apostle,India,2018-10-12
Amy,Salt Fat Acid Heat,India,2018-10-12
Amy,A Walk to Remember,India,2018-10-03
Amy,Operation Finale,India,2018-10-03
Amy,Steel Magnolias,India,2018-10-03
Amy,Somewhere Between,India,2018-10-02
Amy,Hold the Dark,India,2018-10-02
Amy,"Samagri, Sampatti aur Sauda",India,2018-10-01
Amy,"Raja, Rasoi aur Anya Kahaniyan",India,2018-10-01
Amy,Ithihas Ki Thali Se,India,2018-10-01
Amy,Norsemen,India,2018-09-26
Amy,Rebellion,India,2018-09-23
Amy,22 July,India,2018-09-20
Amy,Liar's Dice,India,2018-09-15
Amy,Misconduct,India,2018-09-05
Amy,Lone Survivor,India,2018-09-05
Amy,Snowden,India,2018-09-05
Amy,The Road to Calvary,India,2018-09-02
Amy,The Bank Job,India,2018-08-30
Amy,The Siege of Jadotville,India,2018-08-30
Amy,Boy Missing,India,2018-08-30
Amy,Smoke & Mirrors,India,2018-08-30
Amy,"Lock, Stock and Two Smoking Barrels",India,2018-08-30
Amy,Deadwind,India,2018-08-23
Amy,The Giant,India,2018-08-12
Amy,Vanity Fair,India,2018-08-12
Amy,Pride & Prejudice,India,2018-08-12
Amy,The Gunman,India,2018-08-11
Amy,The Code,India,2018-08-11
Amy,Criminal,India,2018-08-11
Amy,Enemy of the State,India,2018-08-11
Amy,Layer Cake,India,2018-08-11
Amy,Vanilla Sky,India,2018-08-11
Amy,The Saint,India,2018-08-11
Amy,The Guernsey Literary and Potato Peel Pie Society,India,2018-08-10
Amy,6 Days,India,2018-08-10
Amy,A Very Secret Service,India,2018-08-03
Amy,The Warning,India,2018-07-27
Amy,Edha,India,2018-07-27
Amy,Cable Girls,India,2018-07-17
Amy,Bordertown,India,2018-07-15
Amy,Sacred Games,India,2018-07-09
Amy,Body of Lies,India,2018-05-21
Amy,Narcos,India,2018-05-21
Amy,13 Reasons Why,India,2018-05-21
Amy,Fargo,India,2018-05-21
Amy,Waiting,India,2018-05-21
Amy,Cargo,India,2018-05-18
Amy,Call Me Francis,India,2018-05-18
Amy,Money Heist,India,2018-05-05
Amy,Forgive Us Our Debts,India,2018-05-05
Amy,Wild Wild Country,India,2018-05-05
Amy,Charité,India,2018-05-01
Amy,The Witch,India,2018-04-30
Amy,Gods of Egypt,India,2018-04-29
Amy,Public Enemies,India,2018-04-29
Amy,Real Detective,India,2018-04-22
Amy,The Alienist,India,2018-04-19
Amy,Let Me In,India,2018-04-17
Amy,THE WAY BACK,India,2018-04-17
Amy,Locust,India,2018-04-16
Amy,The Good Wife,India,2018-04-09
Amy,The Returned,India,2018-04-09
Amy,Occupied,India,2018-04-09
Amy,The Sniffer,India,2018-04-06
Amy,The Method,India,2018-04-06
Amy,Fallet,India,2018-04-02
Amy,Layla M.,India,2018-04-02
Amy,Donnie Brasco,India,2018-03-23
Amy,Collateral,India,2018-03-09
Amy,Shooter,India,2018-02-26
Amy,The Ministry of Time,India,2018-02-26
Amy,The Trader (Sovdagari),India,2018-02-10
Amy,Home Again,India,2018-02-07
Amy,The Most Hated Woman in America,India,2018-02-07
Amy,The Other Boleyn Girl,India,2018-02-05
Amy,I Don't Feel at Home in This World Anymore,India,2018-02-04
Amy,Damnation,India,2018-02-01
Amy,Retribution,India,2018-01-31
Amy,The Open House,India,2018-01-22
Amy,Morocco: Love in Times of War,India,2018-01-22
Amy,A Kind of Murder,India,2018-01-22
Amy,Annabelle Hooper and the Ghosts of Nantucket,India,2018-01-20
Amy,Rita,India,2018-01-18
Amy,The Blacklist,India,2018-01-18
Amy,Broadchurch,India,2018-01-12
Amy,Suits,India,2018-01-12
Amy,The Musketeers,India,2018-01-12
Amy,Line of Duty,India,2018-01-12
Amy,The Windsors,India,2017-12-31
Amy,Jack Taylor,India,2017-12-31
Amy,Happy Valley,India,2017-12-31
Amy,River,India,2017-12-31
Amy,Trapped,India,2017-12-31
Amy,Stephen King's Bag of Bones,India,2017-12-26
Amy,Little Women,India,2017-12-13
Amy,Madame Antoine,India,2017-12-13
Amy,Bhouri,India,2017-12-10
Amy,My Happy Family,India,2017-12-03
Amy,Stranger Things,India,2017-11-30
Amy,Mission: Impossible - Ghost Protocol,India,2017-11-30
Amy,Glitch,India,2017-11-30
Amy,Hinterland,India,2017-11-28
Amy,Georgia Rule,India,2017-11-19
Amy,Blackhat,India,2017-11-19
Amy,The Town,India,2017-11-19
Amy,Angel Eyes,India,2017-11-19
Amy,The Art of War,India,2017-11-19
Amy,Incognito,India,2017-11-18
Amy,The Love Punch,India,2017-11-16
Amy,The Last of the Mohicans,India,2017-11-16
Amy,The OA,India,2017-11-16
Amy,Sand Castle,India,2017-11-16
Amy,Doubt,India,2017-11-16
Amy,Find Me Guilty,India,2017-11-16
Amy,Top of the Lake,India,2017-11-16
Amy,The Iceman,India,2017-11-16
Amy,Belief: The Possession of Janet Moses,India,2017-11-07
Amy,Mr. Holmes,India,2017-11-07
Amy,First They Killed My Father,India,2017-10-31
Amy,Stonehearst Asylum,India,2017-10-30
Amy,The Railway Man,India,2017-10-30
Amy,The Burning Plain,India,2017-10-29
Amy,The Next Three Days,India,2017-10-29
Amy,Kate & Leopold,India,2017-10-23
Amy,Wanted,India,2017-10-23
Amy,1922,India,2017-10-22
Amy,Shark Tank,India,2017-10-06
Amy,Secrets of Ancient Rome,India,2017-09-30
Amy,The Drowning,India,2017-09-30
Amy,Marco Polo: One Hundred Eyes,India,2017-09-30
Amy,The 9th Life of Louis Drax,India,2017-09-30
Amy,Angel of Decay,India,2017-09-30
Amy,Ironclad,India,2017-09-30
Amy,Miss Fisher's Murder Mysteries,India,2017-09-30
Amy,Women Behind Bars,India,2017-09-22
Amy,The Woman with 7 Personalities,India,2017-09-22
Amy,I Am Jane Doe,India,2017-09-21
Amy,A Little Chaos,India,2017-09-21
Amy,Amanda Knox,India,2017-09-15
Amy,Captive for 18 Years: The Jaycee Lee Story,India,2017-09-15
Amy,The Keepers,India,2017-09-15
Amy,The Investigator: A British Crime Story,India,2017-09-15
Amy,Killer Legends,India,2017-09-15
Amy,The Rebound,India,2017-09-15
Amy,Fatal Attraction,India,2017-09-15
Amy,Outlander,India,2017-09-04
Amy,Stories by Rabindranath Tagore,India,2017-05-23
Amy,The Shawshank Redemption,India,2017-04-11
Amy,To Kill a Mockingbird,India,2017-04-11
Amy,Escape from Alcatraz,India,2017-04-11
Amy,RED,India,2017-04-11
Amy,Tokyo Trial,India,2017-04-08
Raj,Venom,India,2021-11-25
Raj,The Harder They Fall,India,2021-11-07
Raj,Monster Hunter,India,2021-11-07
Raj,Squid Game,India,2021-10-04
Raj,Money Heist,India,2021-08-16
Raj,Comedy Premium League,India,2021-07-23
Raj,Fast & Furious Presents: Hobbs & Shaw,India,2021-07-23
Raj,Kung Fu Panda 3,India,2021-07-01
Raj,Katla,India,2021-06-09
Raj,Ray,India,2021-06-09
Raj,R.I.P.D.,India,2021-05-13
Raj,Penguins of Madagascar: The Movie,India,2021-05-10
Raj,"Love, Death & Robots",India,2021-05-10
Raj,Kung Fu Panda,India,2021-05-08
Raj,Love and Monsters,India,2021-04-22
Raj,It Chapter Two,India,2021-04-10
Raj,Behind Her Eyes,India,2021-03-24
Raj,AK vs AK,India,2021-01-09
Raj,The White Tiger,India,2021-01-08
Raj,Taylor Tomlinson: Quarter-Life Crisis,India,2021-01-03
Raj,Inside the World’s Toughest Prisons,India,2020-12-17
Raj,Transformers: War for Cybertron: Earthrise,India,2020-12-17
Raj,Edge of Tomorrow,India,2020-12-14
Raj,Ludo,India,2020-11-20
Raj,The Judge,India,2020-11-19
Raj,Shazam!,India,2020-11-19
Raj,Big Mouth,India,2020-11-19
Raj,Edge of Tomorrow,India,2020-11-19
Raj,Mortal Kombat,India,2020-11-19
Raj,Dr. Seuss' The Grinch,India,2020-11-19
Raj,The Divergent Series: Allegiant - Part 1,India,2020-11-08
Raj,Bumblebee,India,2020-11-07
Raj,Bumblebee,India,2020-10-28
Raj,Ludo,India,2020-10-28
Raj,The Divergent Series: Allegiant - Part 1,India,2020-10-28
Raj,Serious Men,India,2020-10-10
Raj,Child 44,India,2020-10-08
Raj,Enola Holmes,India,2020-10-01
Raj,Enola Holmes,India,2020-09-19
Raj,Serious Men,India,2020-09-19
Raj,Child 44,India,2020-09-19
Raj,"Good Morning, Verônica",India,2020-09-19
Raj,9,India,2020-09-08
Raj,Aquaman,India,2020-09-08
Raj,Spider-Man: Homecoming,India,2020-08-27
Raj,Aquaman,India,2020-08-22
Raj,9,India,2020-08-22
Raj,Unbreakable Kimmy Schmidt: Kimmy vs. the Reverend,India,2020-08-13
Raj,Unbreakable Kimmy Schmidt: Kimmy vs. the Reverend,India,2020-08-02
Raj,Spider-Man: Homecoming,India,2020-08-02
Raj,The Umbrella Academy,India,2020-08-02
Raj,Dark,India,2020-07-02
Raj,The Platform,India,2020-03-26
Raj,Coffee & Kareem,India,2020-03-25
Raj,Altered Carbon: Resleeved,India,2020-03-18
Raj,Paradise PD,India,2020-03-06
Raj,Vikings,India,2020-03-05
Raj,Altered Carbon,India,2020-02-18
Raj,BoJack Horseman,India,2019-11-20
Raj,Inferno,India,2019-11-20
Raj,Nobody's Looking,India,2019-11-20
Raj,The Irishman,India,2019-11-20
Raj,Fractured,India,2019-10-08
Raj,Tell Me Who I Am,India,2019-10-08
Raj,Little Things,India,2019-10-07
Raj,Sacred Games,India,2019-07-15
Raj,Black Mirror,India,2019-06-05
Raj,See You Yesterday,India,2019-05-03
Raj,Peaky Blinders,India,2019-04-03
Raj,"Love, Death & Robots",India,2019-04-03
Raj,Money Heist,India,2019-04-01
Raj,"Love, Death & Robots",India,2019-03-22
Raj,Superlopez,India,2019-03-22
Raj,706,India,2019-03-22
Raj,The Thirteenth Floor,India,2019-03-22
Raj,Trailer Park Boys: The Animated Series,India,2019-03-22
Raj,Osmosis,India,2019-03-22
Raj,Black Mirror: Bandersnatch,India,2018-12-29
Raj,Narcos: Mexico,India,2018-12-07
Raj,The Sinner,India,2018-12-07
Raj,The Last Kingdom,India,2018-11-29
Raj,Roman Empire,India,2018-11-29
Raj,Knightfall,India,2018-11-29
Raj,Cathedral of the Sea,India,2018-09-04
Raj,Black Lightning,India,2018-01-24
Raj,Marco Polo,India,2018-01-04
Daddy,The Queen's Gambit,India,2020-10-31
Daddy,The Governor,India,2020-08-15
Daddy,World's Most Wanted,India,2020-08-13
Daddy,Raat Akeli Hai,India,2020-08-08
Daddy,Raat Akeli Hai,India,2020-07-30
Daddy,The Governor,India,2020-07-30
Daddy,Uma Maheswara Ugra Roopasya,India,2020-07-30
Daddy,World's Most Wanted,India,2020-07-30
Daddy,Raat Akeli Hai,India,2020-07-25
Daddy,The Naked Director,India,2019-05-08
Daddy,The Boy Who Harnessed the Wind,India,2019-03-03
Daddy,Vir Das: Losing It,United States,2018-12-11
